,accuracy_mean,accuracy_std,precision_mean,precision_std,recall_mean,recall_std,f1_mean,f1_std,roc_auc_mean,roc_auc_std
XGBoost,0.8764791881664946,0.004890299287163853,0.7725618030807319,0.0054245154110237085,0.8764791881664946,0.004890299287163853,0.8212426584204499,0.004959003868415144,0.4731919481867801,0.06261468888316722
Random Forest,0.8791107671138632,0.0030339114168866296,0.7728449454740103,0.005330327294916166,0.8791107671138632,0.0030339114168866296,0.8225575234417641,0.004348208090072853,0.4881643753269006,0.050855158021401656
Logistic Regression,0.8791107671138632,0.0030339114168866296,0.7728449454740103,0.005330327294916166,0.8791107671138632,0.0030339114168866296,0.8225575234417641,0.004348208090072853,0.4782507131930376,0.052412295200065656
Neural Network,0.8607069143446852,0.009700310686650183,0.7779392191777975,0.012320305548912508,0.8607069143446852,0.009700310686650183,0.8153406233953421,0.0061444678945547435,0.4323541900049942,0.04381879276770568
