,train_accuracy,val_accuracy,test_accuracy,train_precision,val_precision,test_precision,train_recall,val_recall,test_recall,train_f1,val_f1,test_f1,train_roc_auc,val_roc_auc,test_roc_auc
XGBoost,1.0,0.8859649122807017,0.8869565217391304,1.0,0.8990839931687626,0.8998474446987033,1.0,0.8859649122807017,0.8869565217391304,1.0,0.8400296515937731,0.8413886080215704,1.0,0.42928571428571427,0.6633663366336633
Random Forest,0.9135338345864662,0.8771929824561403,0.8782608695652174,0.9212720517246423,0.7694675284702985,0.7713421550094518,0.9135338345864662,0.8771929824561403,0.8782608695652174,0.8913063046070794,0.8198065256599443,0.8213365539452496,1.0,0.38857142857142857,0.6258840169731259
Logistic Regression,0.8796992481203008,0.8771929824561403,0.8782608695652174,0.7738707671434225,0.7694675284702985,0.7713421550094518,0.8796992481203008,0.8771929824561403,0.8782608695652174,0.8233984962406015,0.8198065256599443,0.8213365539452496,0.7250600961538461,0.4878571428571428,0.6654879773691654
Neural Network,1.0,0.8508771929824561,0.8695652173913043,1.0,0.7665560297139243,0.8311462450592885,1.0,0.8508771929824561,0.8695652173913043,1.0,0.8065186663340815,0.8414545533419372,1.0,0.44,0.7765205091937766
